subject,message
Lucky Day Sale: Find Your Fortune in Savings!,"Today could be your lucky day with our Lucky Day Sale! Uncover your fortune in savings on a variety of products. From tech gadgets to fashion finds, let luck guide you to incredible deals. Shop now and see what fortune has in store for you with these lucky day savings!"
Start Your Journey with Creatify: A World of Possibilities,"Hi Parker, Welcome to Creatify! I'm Morgan, your Customer Success Manager. I’m here to guide you through every step of your journey with our creative platform. This email includes some quick start guides and resources to help you begin. If you have any questions or need a walkthrough of our features, I'm just an email or call away. Let's unleash your creativity with Creatify!"
Creatify’s Feature Focus: Unleashing Your Creativity,"Hello Parker, This month, we're spotlighting a unique feature of Creatify that can help unleash your creative potential. I've prepared some insights and tips on how to make the most of this feature, which you'll find in the attached document. If you’d like to explore these tips further or have specific questions, I’m here for a chat or a call at your convenience."
Creatify System Upgrade: Enhancing Your Experience,"Dear Parker, I wanted to inform you that Creatify will be undergoing a system upgrade on [Date]. This upgrade will bring new features and improvements to enhance your creative experience. Please note, there might be temporary unavailability of some services during [Start Time] to [End Time]. We apologize for any inconvenience and thank you for your understanding. If you have any concerns, feel free to contact me."
Invitation to Creatify’s Creative Insights Webinar,"Hi Parker, We're hosting a webinar on [Date], focusing on creative insights with Creatify, and you're invited! This session will explore innovative ways to use our platform and will include expert tips to boost your creativity. It’s a fantastic opportunity to learn and get inspired. Reserve your spot here: [Webinar Link]. Looking forward to seeing you there!"
Share Your Ideas: Creatify’s Development Workshop,"Hello Parker, Your ideas and feedback are crucial for shaping Creatify’s future. We’re hosting a development workshop on [Date], and we’d love for you to join and share your thoughts. This session is all about user-driven innovation. If you’re interested, please let me know, and I'll send you the details. Your participation could help shape the future of Creatify!"
Tips for Effective Collaboration Using Creatify,"Hi Parker, In today’s collaborative environment, Creatify can be a powerful tool. I’ve put together some tips on using Creatify for effective team collaboration, which you’ll find in the attached guide. If you have any challenges or questions about team collaboration using Creatify, I’m here to offer advice and solutions. Let’s enhance your team's creative collaboration!"
Spring into Creativity: Seasonal Tips with Creatify,"Dear Parker, As we welcome spring, it's a great time to refresh your creative projects. We've compiled some tips to help you harness the energy of the season with Creatify. Check out the attached guide for some spring-inspired creative ideas. If you have any questions or would like to discuss creative strategies for this season, I’m just a message away. Let's make this spring creatively productive!"
Your Creatify Story: Inspiring Others in Our Community,"Hello Parker, Your journey with Creatify has been inspiring, and we'd love to feature your story in our community spotlight. Sharing your experience can inspire others and provide insight into the creative possibilities with Creatify. If you're interested in sharing your story, please reply, and we can discuss the details. Thank you for being such an inspiring member of our Creatify community!"
Tailoring Creatify to Your Unique Creative Needs,"Hi Parker, At Creatify, we understand that every creative mind has unique needs. If you're looking for specific features or customizations, let's talk about how we can tailor Creatify to fit your unique creative process. I'm here to ensure Creatify serves you in the best possible way. Don't hesitate to reach out for a discussion about customization options."
Creatify User Group Meetup: Exploring Creative Horizons,"Dear Parker, Join our monthly Creatify User Group meetup to explore creative horizons and connect with fellow creatives. It's a wonderful opportunity to share ideas, learn new techniques, and discover innovative ways to use Creatify. Our next meetup is on [Date], focusing on [Creative Topic]. If you're interested or want more information, just reply to this email. Let's grow together in creativity!"
Insights from Your Recent Activity on GlobalTech,"Hello Alex, Hope you're finding GlobalTech Solutions helpful! I've prepared a brief report based on your recent activity, highlighting some areas where you can get even more out of our platform. Take a look at the attached file for insights and tips. If anything sparks a question or if you'd like to explore these points further, I'm just a message away."
Advanced Features of GlobalTech You Might Have Missed,"Hi Alex, I noticed you've been actively using GlobalTech Solutions and thought you might be interested in some of our advanced features. These can significantly enhance your experience. I've outlined a few key features in the attached document. Let's schedule a quick call to discuss how these can fit into your workflow, if you're interested."
Share Your Thoughts: GlobalTech User Satisfaction Survey,"Dear Alex, Your perspective as a user of GlobalTech Solutions is invaluable to us. Could you please take a moment to fill out our user satisfaction survey? Your feedback will help us continue to improve and provide you with the best possible experience. Here’s the link: [Survey Link]. Your input is greatly appreciated, and thank you in advance!"
Upcoming GlobalTech Webinar Invitation: Maximizing Efficiency,"Hello Alex, I'm excited to invite you to a special GlobalTech Solutions webinar focused on maximizing efficiency with our platform. It’s scheduled for June 10th at 3 PM. This session will cover strategies and tips for getting the most out of GlobalTech. Register here: [Webinar Link]. I believe this will be a great learning opportunity for you!"
Custom Training Opportunities with GlobalTech,"Hi Alex, To further support your team's use of GlobalTech Solutions, we're offering customized training sessions. These can be tailored to your specific needs and schedule. Whether it's a deep dive into certain features or general best practices, we're here to help. Interested in setting up a session? Just let me know, and we can arrange it at your convenience."
Your Quarterly GlobalTech Progress Report,"Dear Alex, I've compiled your quarterly progress report for your use of GlobalTech Solutions. This report highlights your usage trends, successes, and areas for potential improvement. I'm available to discuss these insights in detail and help you plan for the next quarter. Take a look at the attached report, and let's touch base soon to discuss."
"New Season, New GlobalTech Features!","Hello Alex, With the new season upon us, we're rolling out some exciting new features at GlobalTech Solutions! These enhancements are designed to improve usability and offer more value. I've included a brief overview in this email. If any of these features pique your interest, or if you have questions, I’m here to provide more information."
Specialized Support for Your GlobalTech Journey,"Hi Alex, As your Customer Success Manager at GlobalTech, I want to remind you that I'm here for specialized support. Whether you have questions, need troubleshooting, or want to explore new ways to use our platform, don't hesitate to reach out. Let's work together to make your GlobalTech experience as beneficial as possible."
Celebrating Your Achievements with GlobalTech,"Dear Alex, I wanted to take a moment to celebrate the milestones you've achieved using GlobalTech Solutions. Your progress is impressive, and we're thrilled to be a part of your journey. If you're open to it, we'd love to feature your success story in our upcoming newsletter. Let me know if you're interested, and thank you for choosing GlobalTech!"
Welcome to StreamlinePlus: Start Your Journey,"Hi Taylor, Welcome to StreamlinePlus! I'm Jordan, your Customer Success Manager. I'm here to ensure you get the most out of our services. In this email, you'll find a quick start guide and some helpful tips to begin your journey. If you have any questions or need assistance, I'm always here to help. Excited to see you achieve great things with StreamlinePlus!"
Making the Most of StreamlinePlus Features,"Hello Taylor, Hope you're enjoying StreamlinePlus! I've compiled some pro tips and tricks to help you fully leverage our features for maximum efficiency. These insights are tailored to enhance your user experience. Check out the attached document for details. If you'd like to explore these tips in a one-on-one session, feel free to book a time with me."
StreamlinePlus Update: What's New This Month,"Hi Taylor, We've recently rolled out some exciting updates to StreamlinePlus! These new features are designed to improve your experience and productivity. In the attached overview, you'll find information on the latest updates and how they can benefit you. If you have any questions or need a demonstration, I’m here to assist. Let's make the most of these new features together!"
Your Feedback Matters: StreamlinePlus Survey,"Dear Taylor, At StreamlinePlus, we're constantly striving to improve, and your feedback is vital. We'd appreciate it if you could complete a brief survey about your experiences with our platform. Your input directly influences future improvements. Here’s the link: [Survey Link]. Thank you for taking the time to share your thoughts with us!"
Upcoming StreamlinePlus Webinar: Don't Miss Out!,"Hello Taylor, Don't miss our upcoming StreamlinePlus webinar, where we'll dive into effective strategies for optimizing your workflow. This session is a great opportunity to learn and ask questions. It’s happening on July 12th at 2 PM. Secure your spot here: [Webinar Link]. I’m sure you’ll find great value in attending!"
Tailor-Made Training for Your StreamlinePlus Team,"Hi Taylor, To support your team's success with StreamlinePlus, we offer tailor-made training sessions. These can focus on specific areas your team wants to master. Let's discuss how we can customize these sessions to fit your needs. Just drop me a message, and we can set up a convenient time to chat."
StreamlinePlus Quarterly Review: Insights & Tips,"Dear Taylor, I've put together a quarterly review of your StreamlinePlus usage. This includes insights and tips on how you can further optimize your experience. Take a look at the attached report and let's schedule a time to go over it together. I'm here to help you plan and improve for the next quarter."
New Features to Enhance Your StreamlinePlus Experience,"Hello Taylor, Exciting news from StreamlinePlus! We're introducing some new features that we believe will greatly enhance your experience. These include [List of New Features]. I've detailed these updates in the attached document. If you have any questions or want a quick walkthrough, feel free to reach out to me."
Dedicated Support for Your StreamlinePlus Use,"Hi Taylor, Just a reminder that as your Customer Success Manager, I'm here to offer dedicated support for your StreamlinePlus use. Whether it's a quick query or in-depth assistance you need, don't hesitate to contact me. Together, we can ensure you're getting the most out of StreamlinePlus."
Celebrating Your Success with StreamlinePlus,"Dear Taylor, I wanted to take a moment to congratulate you on your recent achievements with StreamlinePlus. Your progress has been outstanding! If you're interested, we'd love to feature your success story in our customer spotlight series. Let me know if you're open to this, and thank you for being a part of the StreamlinePlus community!"
Welcome Aboard: Your Journey with Zenith Solutions Begins,"Hi Jordan, Welcome to Zenith Solutions! I'm Alex, your dedicated Customer Success Manager. I'm here to ensure you have a seamless and successful experience with our platform. In this email, you'll find a guide to get you started, along with some helpful resources. If you need any assistance or have questions, please don't hesitate to reach out. Excited to be part of your journey with Zenith Solutions!"
Zenith Solutions: Tailoring Our Platform to Your Needs,"Hello Jordan, As you're getting acquainted with Zenith Solutions, I'd like to share some customization options to tailor our platform to your specific needs. Customizing Zenith can greatly enhance your experience and productivity. I’ve compiled a list of tips and tricks in the attached document. If you're interested in a personalized walkthrough, I'm here to help."
Explore the Latest Features of Zenith Solutions,"Hi Jordan, We've recently introduced some exciting new features to Zenith Solutions! These updates are aimed at improving user experience and adding more value. In the attached overview, you'll find detailed information about what's new. If you're curious about how these features can benefit you, feel free to contact me for more details or a demo."
Share Your Zenith Solutions Experience: Feedback Survey,"Dear Jordan, Your experience and feedback are invaluable to us at Zenith Solutions. We'd really appreciate it if you could take a moment to complete our user feedback survey. Your input is crucial for us to continue improving and meeting your needs. Here’s the link: [Survey Link]. Thanks for helping us make Zenith Solutions better for you and all our users!"
Don't Miss Our Zenith Solutions Efficiency Webinar!,"Hello Jordan, You're invited to an exclusive webinar on maximizing efficiency with Zenith Solutions. This session, scheduled for September 9th at 4 PM, will provide insights and strategies to enhance your use of our platform. Register here: [Webinar Link]. This webinar is a great opportunity for deepening your understanding of Zenith and making the most of it."
Custom Training for Your Team with Zenith Solutions,"Hi Jordan, To maximize your team's effectiveness with Zenith Solutions, we offer customized training sessions. These sessions are designed to address your team's specific needs and challenges. If you're interested in organizing a training session, just let me know, and we can arrange a suitable time. I'm here to ensure your team masters Zenith Solutions to its fullest."
Quarterly Review: Your Usage of Zenith Solutions Analyzed,"Dear Jordan, I've prepared a comprehensive review of your usage of Zenith Solutions over the past quarter. This review highlights your engagement with the platform and suggests areas for further enhancement. Please find the report attached. I'm available for a discussion to dive deeper into these insights and help you plan for the next quarter."
New Horizons with Zenith Solutions: Feature Spotlight,"Hello Jordan, Exciting news from Zenith Solutions! We've launched some new features that I believe you'll find highly beneficial. These include [List New Features]. I’ve detailed these additions in the attached document for your convenience. If you have any questions or want to explore these new features further, I’m more than happy to assist."
Ongoing Support for Your Zenith Solutions Experience,"Hi Jordan, As your Customer Success Manager, I'm here to offer ongoing support for your Zenith Solutions experience. Whether you need help with specific features, face any challenges, or want advice on best practices, don't hesitate to reach out. My goal is to help you make the most of Zenith Solutions, so feel free to contact me anytime."
Celebrating Your Success with Zenith Solutions,"Dear Jordan, I wanted to take a moment to acknowledge the impressive progress you've made using Zenith Solutions. Your achievements are inspiring, and we're thrilled to be a part of your journey. If you're interested, we'd love to feature your success story in our customer spotlight. Let me know if you're open to this, and thank you for being a vital member of the Zenith Solutions community!"
Welcome to Your New Adventure with SkyTech,"Hi Cameron, Welcome to SkyTech! I'm Lisa, your Customer Success Manager, dedicated to ensuring a fantastic experience with our software. This email contains a welcome pack with essential resources to help you get started. If you have any questions or require further assistance, please feel free to reach out. Excited to support you on your SkyTech adventure!"
SkyTech Deep Dive: Customization Tips,"Hello Cameron, As you explore SkyTech, I wanted to share some valuable customization tips to enhance your experience. Tailoring SkyTech to your unique needs can significantly boost your efficiency. I’ve included a guide with some helpful tips and tricks in the attachment. If you're interested in a detailed walkthrough, I'm here to schedule a call at your convenience."
What's Brewing at SkyTech: Latest Updates,"Hi Cameron, We're thrilled to announce some fresh updates to SkyTech! These new features and improvements are designed to make your experience even better. Check out the attached overview for a quick rundown of what's new. If you'd like to learn more about these updates or need a demonstration, I'm here to help. Let's explore what these new features mean for you!"
Tell Us How We're Doing: SkyTech Feedback Survey,"Dear Cameron, Your feedback is incredibly important to us at SkyTech. Could you take a moment to fill out our feedback survey? Your thoughts and suggestions play a crucial role in shaping our future updates and services. Here's the link to the survey: [Survey Link]. Thank you for contributing to the continuous improvement of SkyTech!"
SkyTech Webinar Invite: Maximizing Your Potential,"Hello Cameron, I'd like to invite you to a special SkyTech webinar focused on maximizing your potential with our platform. Join us on October 15th at 2 PM for an informative session filled with insights and tips. You can register here: [Webinar Link]. This webinar is a fantastic opportunity for you to deepen your understanding of SkyTech and get the most out of it."
Tailored SkyTech Training for Your Team,"Hi Cameron, To empower your team's success with SkyTech, we're offering customized training sessions. These can be specifically tailored to your team’s needs and goals. If you think this could be beneficial, let's discuss how we can design a training program that’s just right for your team. Just drop me a message, and we can arrange a suitable time to chat."
SkyTech Quarterly Performance Review,"Dear Cameron, I've prepared a comprehensive review of your recent performance with SkyTech. This includes a detailed analysis of your usage and areas where you can gain even more value from our platform. Please find the report attached. I’m available for a call to discuss these insights and help strategize for the upcoming quarter. Let's ensure you're leveraging SkyTech to its fullest."
Discover New Frontiers with SkyTech's Latest Features,"Hello Cameron, Exciting developments are on the horizon at SkyTech! We've introduced some innovative new features that I believe will significantly enhance your experience. These new additions include [List of Features]. For a detailed explanation of these features, please see the attached document. If you have any questions or would like a demonstration, I'm more than happy to assist."
Dedicated SkyTech Support Just a Message Away,"Hi Cameron, As your Customer Success Manager at SkyTech, I want to remind you that I'm here to provide dedicated support. Whether it’s guidance on specific features, troubleshooting, or strategic advice, don't hesitate to reach out. Together, we can ensure you’re getting the most out of SkyTech. Feel free to contact me anytime for support or assistance."
Celebrating Your Milestones with SkyTech,"Dear Cameron, I wanted to take a moment to celebrate the fantastic progress you've made with SkyTech. Your achievements have been remarkable, and we're proud to have you as part of our community. If you're open to it, we'd love to feature your success story in our customer showcase. Let me know if you’re interested, and thank you for being an integral part of the SkyTech family!"
Introducing Our New Support Portal at InnoTech,"Hi Blake, Exciting news from InnoTech! We've launched a new Support Portal to enhance your experience. This portal offers quick access to FAQs, troubleshooting guides, and direct contact with our support team. I encourage you to explore the portal here: [Portal Link]. If you need any assistance navigating it or have any feedback, I’m here to help. Welcome to a streamlined support experience!"
InnoTech's Feature of the Month: [Feature Highlight],"Hello Blake, Each month, we're highlighting a key feature of InnoTech to help you maximize its benefits. This month's spotlight is on [Feature Highlight]. I’ve attached a detailed guide on how to use this feature effectively. If you're interested in a live demo or discussing how this feature can specifically benefit your workflow, feel free to schedule a session with me."
Upcoming InnoTech System Maintenance Notification,"Dear Blake, We wanted to inform you that InnoTech will undergo scheduled system maintenance on [Date]. During this time, certain functionalities may be temporarily unavailable. We apologize for any inconvenience and appreciate your understanding. The maintenance window is scheduled from [Start Time] to [End Time]. If you have any concerns or need assistance planning around this, please let me know."
Invitation: InnoTech Community Event,"Hi Blake, I’m thrilled to invite you to our upcoming InnoTech Community Event on [Date]! This event is a great opportunity to connect with other users, share experiences, and learn from industry experts. We'll also be discussing new trends and how InnoTech is adapting to these changes. You can register here: [Event Link]. Hope to see you there for a day of learning and networking!"
Your Input Needed: InnoTech Product Roadmap Discussion,"Hello Blake, We're currently planning the future roadmap for InnoTech and would love your input. Your experiences and feedback are vital in shaping our direction. Would you be interested in joining a focus group discussion on [Date]? Your insights would be incredibly valuable. If you're interested, please let me know, and I'll provide more details. Your voice matters in shaping the future of InnoTech!"
Tips for Remote Collaboration Using InnoTech,"Hi Blake, As remote work becomes more prevalent, I wanted to share some tips on how InnoTech can enhance your remote collaboration. In the attached guide, you'll find strategies for effective team communication, project management, and more using InnoTech. If you have specific challenges or questions about remote work, I'm here to provide tailored advice and solutions."
Seasonal Update: Preparing for [Season] with InnoTech,"Dear Blake, With [Season] approaching, we've compiled some tips on how to leverage InnoTech during this time. Whether it's managing seasonal workflows or preparing for industry-specific trends, we're here to support you. Please find the seasonal guide attached. If you'd like to discuss strategies tailored to your business, I’m available for a call. Let’s make [Season] your most successful one yet with InnoTech!"
Celebrating Your Progress with InnoTech,"Hello Blake, I wanted to take a moment to acknowledge the incredible progress you’ve made with InnoTech. Your dedication and innovative use of our platform are truly inspiring. We're curious about your journey and would be honored to feature your story in our upcoming newsletter. If you're interested in sharing your experience, please let me know. Congratulations on your success, and thank you for being a part of our community!"
InnoTech's Custom Solutions: Tailoring to Your Needs,"Hi Blake, Did you know that InnoTech offers custom solutions tailored to your specific business needs? If there are functionalities you’re looking for that are not currently available, let's discuss how we can create a solution that fits your requirements. I'm here to ensure InnoTech works perfectly for you, so please don't hesitate to reach out for a customization consultation."
InnoTech User Group: Join Our Monthly Meetup,"Dear Blake, You're invited to join our monthly InnoTech User Group Meetup! It's a fantastic opportunity to connect with fellow users, exchange tips, and discuss best practices. The next meetup is on [Date], and we'll be focusing on [Topic]. If you're interested in joining or want more information, just reply to this email. The InnoTech User Group is a great place to learn, share, and grow together."
Explore EcoTech's New Sustainability Dashboard,"Hi Madison, Exciting news from EcoTech! We've launched a new Sustainability Dashboard that helps track and improve your eco-friendly initiatives. This tool is designed to align with your sustainability goals. I encourage you to check out the dashboard and start exploring its features. If you need a walkthrough or want to discuss how to integrate it into your work, I’m here to assist. Embrace a greener future with EcoTech!"
EcoTech’s Monthly Insight: Maximizing Renewable Resources,"Hello Madison, In our effort to provide ongoing value, we’re focusing this month on maximizing renewable resources using EcoTech. I’ve compiled some best practices and innovative strategies in the attached document. These insights can help you enhance sustainability in your operations. If you’re interested in a deeper discussion or have specific queries, I'm just a call away."
Scheduled Maintenance for EcoTech Platform,"Dear Madison, Please be informed that the EcoTech platform will undergo scheduled maintenance on [Date]. This maintenance is crucial for ensuring the platform's optimal performance. During this time, certain functionalities may be temporarily unavailable. We appreciate your understanding and apologize for any inconvenience caused. If you have any concerns, please feel free to contact me."
You're Invited: EcoTech’s Annual Sustainability Summit,"Hi Madison, I’m delighted to invite you to EcoTech’s Annual Sustainability Summit on [Date]! This event is a convergence of industry leaders and sustainability experts sharing insights and innovations. As a valued user of EcoTech, your participation would be highly beneficial. You can register here: [Event Link]. Looking forward to seeing you at this inspiring event!"
Seeking Your Feedback: EcoTech Future Developments,"Hello Madison, Your input is vital in shaping the future of EcoTech. We're currently gathering user feedback to guide our development roadmap. Would you be interested in providing your insights and suggestions? Your participation in this initiative would be greatly appreciated and influential. Let me know if you’re interested, and I'll share more details. Together, we can make EcoTech even better!"
Remote Work Efficiency with EcoTech,"Hi Madison, With the increasing shift to remote work, I wanted to share some tips on using EcoTech to enhance your remote working efficiency. In the attached guide, you'll find strategies for effective remote collaboration and resource management using EcoTech. If you have any specific challenges with remote work, I'm here to offer customized advice and solutions."
EcoTech's Seasonal Strategy: Getting Ready for Spring,"Dear Madison, Spring is a time of growth and renewal, and EcoTech is here to help you navigate this season effectively. We’ve put together a Spring Strategy Guide, focusing on sustainability practices and seasonal trends. Find the guide attached and discover how to leverage EcoTech this spring. If you'd like to discuss specific spring strategies for your business, I’m available for a call."
Your EcoTech Success Story: Share Your Journey,"Hello Madison, Your journey with EcoTech has been remarkable, and we’d love to feature your success story. Sharing your experience can inspire others and highlight the impactful ways you’ve used EcoTech. If you're interested in sharing your story, please let me know, and we can discuss the details. Thank you for being a trailblazer in our EcoTech community!"
Custom Solutions from EcoTech: Meeting Your Unique Needs,"Hi Madison, EcoTech is dedicated to providing solutions that meet your unique environmental goals. If you're looking for specific functionalities that are not currently available, let’s discuss how we can develop custom solutions for you. I'm here to ensure EcoTech aligns perfectly with your sustainability objectives, so don’t hesitate to reach out for a tailored consultation."
Join the EcoTech User Community: Monthly Environmental Talks,"Dear Madison, We invite you to join our monthly EcoTech User Community talks! These sessions are a great place to connect with peers, exchange environmental strategies, and discuss EcoTech use cases. Our next talk, focusing on [Environmental Topic], is on [Date]. If you’re interested in joining or want more information, just reply to this email. Let's collaborate and grow together for a sustainable future."
Elevate Your Experience with PrimeData Analytics,"Hi Riley, Welcome to PrimeData Analytics! I'm Taylor, your Customer Success Manager. I’m excited to help you unlock the full potential of our analytics platform. This email includes a starter guide and some essential resources to help you get up and running. If you have any questions, or if you’d like a personalized walk-through, please don't hesitate to reach out. Here’s to a successful journey with PrimeData!"
PrimeData’s Tip of the Month: Data Visualization,"Hello Riley, This month, we’re focusing on mastering data visualization with PrimeData Analytics. I’ve put together some advanced tips and best practices in the attached document. These insights will help you present your data more effectively. If you're interested in a deeper dive into these tips or have specific questions, I'm available for a call or a chat."
PrimeData System Update: Scheduled Downtime Alert,"Dear Riley, We want to inform you that PrimeData Analytics will undergo scheduled maintenance on [Date]. This is a necessary step to keep our system running smoothly. Please note that our platform will be temporarily unavailable from [Start Time] to [End Time]. We apologize for any inconvenience this may cause and appreciate your understanding. If you have any concerns, feel free to contact me."
Invitation to PrimeData’s Annual Data Summit,"Hi Riley, I’m excited to invite you to PrimeData’s Annual Data Summit on [Date]. This is a fantastic opportunity to connect with data professionals, discuss industry trends, and explore innovative ways to use PrimeData Analytics. You can register for the event here: [Event Link]. It promises to be an informative and engaging experience, and I hope to see you there!"
Your Voice Matters: Help Shape PrimeData’s Future,"Hello Riley, At PrimeData, we value user feedback to guide our product development. We’re conducting a session to discuss our roadmap and would love your participation. Your experience and insights are crucial for our future direction. If you're interested in contributing, please let me know, and I'll provide more details. Your involvement can make a real difference in shaping PrimeData’s future!"
Optimizing Remote Workflows with PrimeData,"Hi Riley, In the current remote work environment, PrimeData Analytics can be a game-changer for your team. I’ve compiled some strategies and tools in the attached guide to help you optimize remote workflows. If you face any challenges or have questions about adapting to a remote setting, I'm here to offer tailored advice and support. Let's ensure your remote work setup is as efficient as possible!"
PrimeData’s Spring Strategies for Data Management,"Dear Riley, With spring approaching, it’s a great time to refresh your data management strategies. We’ve prepared a guide with tips on leveraging PrimeData Analytics for spring-related data trends and projects. Find the guide attached for some seasonal insights. If you’d like to discuss specific strategies or have any questions, I’m just an email away. Let's spring into action with effective data management!"
Share Your PrimeData Success Story,"Hello Riley, Your success with PrimeData Analytics has been impressive, and we’d love to share your journey with our community. If you’re interested in featuring your story in our upcoming user showcase, please let me know. Your experience can inspire others and highlight the effective use of our platform. Thank you for being an exemplary member of the PrimeData family!"
Tailoring PrimeData to Your Business Needs,"Hi Riley, Did you know PrimeData Analytics offers bespoke solutions tailored to your business needs? If there are specific features or integrations you require, let's discuss how we can create a customized solution for you. I'm here to ensure that PrimeData aligns perfectly with your business objectives. Don’t hesitate to reach out for a consultation on custom solutions."
Connect with the PrimeData User Group,"Dear Riley, Join our monthly PrimeData User Group meetings to connect with fellow data enthusiasts! It's an excellent platform for sharing tips, discussing challenges, and exploring new ways to use PrimeData Analytics. Our next meeting is on [Date], focusing on [Topic]. If you're interested in joining or want more information, please reply to this email. Let's collaborate and learn together in the PrimeData community."
Welcome to FutureFit: Your Path to Digital Mastery,"Hi Avery, Welcome to FutureFit! I'm Jordan, your Customer Success Manager. It's my job to ensure your experience with our digital solutions is smooth and beneficial. In this email, you'll find resources to help you get started, including our user guide and tutorial videos. If you need any personalized assistance or have questions, I’m just an email away. Here's to your success with FutureFit!"
Monthly Focus: Leveraging FutureFit for Growth,"Hello Avery, Every month, we focus on a key aspect of FutureFit to help you maximize its potential. This month, we're highlighting strategies to leverage our platform for business growth. I've included some practical tips and case studies in the attachment. If you're interested in discussing these strategies in more detail, or if you have other queries, feel free to schedule a call with me."
FutureFit Update: Important System Maintenance,"Dear Avery, This is a courtesy notice that FutureFit will undergo scheduled maintenance on [Date]. During this period, some features may be temporarily unavailable. We apologize for any inconvenience and appreciate your understanding. The maintenance window is planned from [Start Time] to [End Time]. If you have any questions or concerns, don't hesitate to reach out."
Join Us: FutureFit’s Virtual Roundtable Discussion,"Hi Avery, We're hosting a virtual roundtable discussion on [Date], and we'd love for you to join us! This event will feature industry experts discussing the latest trends in digital technology and how to harness them with FutureFit. It's a great opportunity to gain insights and network. You can register here: [Event Link]. Looking forward to your participation in this exciting discussion!"
Participate in Shaping FutureFit: User Feedback Session,"Hello Avery, Your experience and feedback are crucial in guiding FutureFit's development. We're hosting a user feedback session on [Date], and your insights would be invaluable. If you're interested in joining this session and shaping the future of FutureFit, please let me know, and I'll send more details. Together, we can tailor FutureFit to better serve your needs."
Enhancing Remote Team Dynamics with FutureFit,"Hi Avery, As remote work becomes more prevalent, I want to share some insights on using FutureFit to enhance your team's dynamics in a remote setting. In the attached guide, you'll find strategies for effective communication, collaboration, and project management. If you have specific challenges or need advice tailored to your situation, I'm here to provide support."
FutureFit Spring Cleaning: Refresh Your Digital Tools,"Dear Avery, Spring is a great time to review and refresh your digital tools. We’ve prepared some tips on optimizing your use of FutureFit to align with your springtime goals. Check out the attached spring cleaning guide for your digital tools. If you have any questions or would like to discuss strategies to refresh your digital setup, I’m here to help. Let’s make this spring a productive one with FutureFit!"
Your FutureFit Journey: We’d Love to Hear Your Story,"Hello Avery, We’re always inspired by the stories of our users, and we'd love to hear about your journey with FutureFit. If you’re open to sharing your experience, we’d be thrilled to feature your story in our user showcase. Your insights could inspire others and showcase effective use of our platform. If you're interested, please reply, and we can discuss further. Thanks for being a part of the FutureFit community!"
Customizing FutureFit to Fit Your Unique Needs,"Hi Avery, Did you know that FutureFit offers custom solutions tailored to your specific requirements? If you need bespoke features or integrations, let’s discuss how we can create a solution that perfectly matches your needs. I'm here to ensure that FutureFit works exactly the way you need it to. Don't hesitate to reach out for a consultation about our customization options."
FutureFit User Community Meetup: Join Us This Month,"Dear Avery, You're invited to our monthly FutureFit User Community meetup. This is an excellent opportunity to connect with other users, share experiences, and learn new ways to utilize FutureFit. Our next meetup is on [Date], focusing on [Topic]. If you're interested in joining or want more information, just reply to this email. Let's learn and grow together in the FutureFit community."
Welcome to HealthTrack: Revolutionizing Your Wellness,"Hi Emerson, Welcome to HealthTrack! I'm Dana, your Customer Success Manager. My role is to ensure you have an outstanding experience with our health and wellness platform. In this email, you'll find a guide to get you started, including some key features and tips. If you have any questions or need a personalized introduction to our platform, I’m here to assist. Here’s to a healthier, happier you with HealthTrack!"
HealthTrack’s Feature Highlight: Personalized Fitness Plans,"Hello Emerson, Each month, we're showcasing a key feature of HealthTrack to enhance your experience. This month, we're focusing on our Personalized Fitness Plans. I’ve compiled some tips and success stories in the attached document to inspire your fitness journey. If you're interested in learning more about this feature or have specific fitness goals, I'm available for a call or chat anytime."
Notification: HealthTrack Maintenance Schedule,"Dear Emerson, We want to inform you that HealthTrack will be undergoing scheduled maintenance on [Date]. This is part of our commitment to providing a seamless and efficient experience. There may be temporary unavailability of some services from [Start Time] to [End Time]. We apologize for any inconvenience and appreciate your understanding. If you have any questions, feel free to contact me."
Join Our HealthTrack Wellness Webinar,"Hi Emerson, We're hosting a Wellness Webinar on [Date], and you're warmly invited! This webinar will cover the latest trends in wellness and how to effectively use HealthTrack to achieve your health goals. It's an excellent opportunity for learning and interaction. Secure your spot here: [Webinar Link]. I believe you’ll find this webinar both informative and motivating!"
Share Your Voice: HealthTrack’s Upcoming Features,"Hello Emerson, Your feedback is vital in shaping the future of HealthTrack. We're exploring new features and would love to include your insights. Would you be interested in joining a focus group discussion on [Date]? Your input can significantly influence our development direction. If you’re interested, please let me know, and I'll share more details. Your voice is crucial in enhancing HealthTrack!"
Enhance Your Remote Wellness Routine with HealthTrack,"Hi Emerson, Adapting to a remote wellness routine can be challenging. I’ve put together some strategies and tools in the attached guide to help you maximize your use of HealthTrack in a remote setting. If you encounter any challenges or have questions about optimizing your wellness routine, I'm here to offer customized advice and support. Let's make your health journey successful, even remotely!"
Spring Forward with HealthTrack: Seasonal Health Tips,"Dear Emerson, Spring is the perfect time to rejuvenate your health routine. We’ve compiled some tips on using HealthTrack to embrace the vitality of the season. Find the attached guide for spring-inspired health strategies. If you have any questions or would like to discuss personalized health strategies for this season, I’m just a message away. Let's spring forward to better health with HealthTrack!"
Your HealthTrack Story: Inspiring Our Community,"Hello Emerson, Your progress with HealthTrack has been incredibly inspiring. We'd be honored to share your health journey with our community. If you're open to it, your story could motivate others and provide insights into effective wellness practices with HealthTrack. If you're interested in sharing your experience, please reply, and we can discuss further. Thank you for being an inspiration in our HealthTrack community!"
Customizing HealthTrack for Your Unique Wellness Goals,"Hi Emerson, HealthTrack is committed to supporting your unique wellness journey. If you're seeking specific features or customizations to better meet your wellness goals, let's discuss how we can tailor HealthTrack to suit your needs. I'm here to ensure HealthTrack aligns perfectly with your health objectives. Don’t hesitate to reach out for a discussion on custom solutions."
"Connect in the HealthTrack User Forum: Share, Learn, Grow","Dear Emerson, Join our HealthTrack User Forum to connect with a community of wellness enthusiasts. It’s a fantastic platform for sharing experiences, learning new health tips, and discovering innovative ways to use HealthTrack. Our next forum discussion on [Topic] is on [Date]. If you're interested or want more information, just reply to this email. Let's share, learn, and grow together in our pursuit of wellness."
